--Countries
insert into plenum.country (name) values ('Andorra');
insert into plenum.country (name) values ('United Arab Emirates');
insert into plenum.country (name) values ('Afghanistan');
insert into plenum.country (name) values ('Antigua and Barbuda');
insert into plenum.country (name) values ('Anguilla');
insert into plenum.country (name) values ('Albania');
insert into plenum.country (name) values ('Armenia');
insert into plenum.country (name) values ('Angola');
insert into plenum.country (name) values ('Antarctica');
insert into plenum.country (name) values ('Argentina');
insert into plenum.country (name) values ('American Samoa');
insert into plenum.country (name) values ('Austria');
insert into plenum.country (name) values ('Australia');
insert into plenum.country (name) values ('Aruba');
insert into plenum.country (name) values ('Åland Islands');
insert into plenum.country (name) values ('Azerbaijan');
insert into plenum.country (name) values ('Bosnia and Herzegovina');
insert into plenum.country (name) values ('Barbados');
insert into plenum.country (name) values ('Bangladesh');
insert into plenum.country (name) values ('Belgium');
insert into plenum.country (name) values ('Burkina Faso');
insert into plenum.country (name) values ('Bulgaria');
insert into plenum.country (name) values ('Bahrain');
insert into plenum.country (name) values ('Burundi');
insert into plenum.country (name) values ('Benin');
insert into plenum.country (name) values ('Saint Barthélemy');
insert into plenum.country (name) values ('Bermuda');
insert into plenum.country (name) values ('Brunei Darussalam');
insert into plenum.country (name) values ('Bolivia');
insert into plenum.country (name) values ('Caribbean Netherlands ');
insert into plenum.country (name) values ('Brazil');
insert into plenum.country (name) values ('Bahamas');
insert into plenum.country (name) values ('Bhutan');
insert into plenum.country (name) values ('Bouvet Island');
insert into plenum.country (name) values ('Botswana');
insert into plenum.country (name) values ('Belarus');
insert into plenum.country (name) values ('Belize');
insert into plenum.country (name) values ('Canada');
insert into plenum.country (name) values ('Cocos (Keeling) Islands');
insert into plenum.country (name) values ('Democratic Republic of Congo');
insert into plenum.country (name) values ('Central African Republic');
insert into plenum.country (name) values ('Congo');
insert into plenum.country (name) values ('Switzerland');
insert into plenum.country (name) values ('Côte d''Ivoire');
insert into plenum.country (name) values ('Cook Islands');
insert into plenum.country (name) values ('Chile');
insert into plenum.country (name) values ('Cameroon');
insert into plenum.country (name) values ('China');
insert into plenum.country (name) values ('Colombia');
insert into plenum.country (name) values ('Costa Rica');
insert into plenum.country (name) values ('Cuba');
insert into plenum.country (name) values ('Cape Verde');
insert into plenum.country (name) values ('Curaçao');
insert into plenum.country (name) values ('Christmas Island');
insert into plenum.country (name) values ('Cyprus');
insert into plenum.country (name) values ('Czech Republic');
insert into plenum.country (name) values ('Germany');
insert into plenum.country (name) values ('Djibouti');
insert into plenum.country (name) values ('Denmark');
insert into plenum.country (name) values ('Dominica');
insert into plenum.country (name) values ('Dominican Republic');
insert into plenum.country (name) values ('Algeria');
insert into plenum.country (name) values ('Ecuador');
insert into plenum.country (name) values ('Estonia');
insert into plenum.country (name) values ('Egypt');
insert into plenum.country (name) values ('Western Sahara');
insert into plenum.country (name) values ('Eritrea');
insert into plenum.country (name) values ('Spain');
insert into plenum.country (name) values ('Ethiopia');
insert into plenum.country (name) values ('Finland');
insert into plenum.country (name) values ('Fiji');
insert into plenum.country (name) values ('Falkland Islands');
insert into plenum.country (name) values (' Federated States of Micronesia');
insert into plenum.country (name) values ('Faroe Islands');
insert into plenum.country (name) values ('France');
insert into plenum.country (name) values ('Gabon');
insert into plenum.country (name) values ('United Kingdom');
insert into plenum.country (name) values ('Grenada');
insert into plenum.country (name) values ('Georgia');
insert into plenum.country (name) values ('French Guiana');
insert into plenum.country (name) values ('Guernsey');
insert into plenum.country (name) values ('Ghana');
insert into plenum.country (name) values ('Gibraltar');
insert into plenum.country (name) values ('Greenland');
insert into plenum.country (name) values ('Gambia');
insert into plenum.country (name) values ('Guinea');
insert into plenum.country (name) values ('Guadeloupe');
insert into plenum.country (name) values ('Equatorial Guinea');
insert into plenum.country (name) values ('Greece');
insert into plenum.country (name) values ('South Georgia and the South Sandwich Islands');
insert into plenum.country (name) values ('Guatemala');
insert into plenum.country (name) values ('Guam');
insert into plenum.country (name) values ('Guinea-Bissau');
insert into plenum.country (name) values ('Guyana');
insert into plenum.country (name) values ('Hong Kong');
insert into plenum.country (name) values ('Heard and McDonald Islands');
insert into plenum.country (name) values ('Honduras');
insert into plenum.country (name) values ('Croatia');
insert into plenum.country (name) values ('Haiti');
insert into plenum.country (name) values ('Hungary');
insert into plenum.country (name) values ('Indonesia');
insert into plenum.country (name) values ('Ireland');
insert into plenum.country (name) values ('Israel');
insert into plenum.country (name) values ('Isle of Man');
insert into plenum.country (name) values ('India');
insert into plenum.country (name) values ('British Indian Ocean Territory');
insert into plenum.country (name) values ('Iraq');
insert into plenum.country (name) values ('Iran');
insert into plenum.country (name) values ('Iceland');
insert into plenum.country (name) values ('Italy');
insert into plenum.country (name) values ('Jersey');
insert into plenum.country (name) values ('Jamaica');
insert into plenum.country (name) values ('Jordan');
insert into plenum.country (name) values ('Japan');
insert into plenum.country (name) values ('Kenya');
insert into plenum.country (name) values ('Kyrgyzstan');
insert into plenum.country (name) values ('Cambodia');
insert into plenum.country (name) values ('Kiribati');
insert into plenum.country (name) values ('Comoros');
insert into plenum.country (name) values ('Saint Kitts and Nevis');
insert into plenum.country (name) values ('North Korea');
insert into plenum.country (name) values ('South Korea');
insert into plenum.country (name) values ('Kuwait');
insert into plenum.country (name) values ('Cayman Islands');
insert into plenum.country (name) values ('Kazakhstan');
insert into plenum.country (name) values ('Lao People''s Democratic Republic');
insert into plenum.country (name) values ('Lebanon');
insert into plenum.country (name) values ('Saint Lucia');
insert into plenum.country (name) values ('Liechtenstein');
insert into plenum.country (name) values ('Sri Lanka');
insert into plenum.country (name) values ('Liberia');
insert into plenum.country (name) values ('Lesotho');
insert into plenum.country (name) values ('Lithuania');
insert into plenum.country (name) values ('Luxembourg');
insert into plenum.country (name) values ('Latvia');
insert into plenum.country (name) values ('Libya');
insert into plenum.country (name) values ('Morocco');
insert into plenum.country (name) values ('Monaco');
insert into plenum.country (name) values ('Moldova');
insert into plenum.country (name) values ('Montenegro');
insert into plenum.country (name) values ('Saint-Martin (France)');
insert into plenum.country (name) values ('Madagascar');
insert into plenum.country (name) values ('Marshall Islands');
insert into plenum.country (name) values ('Macedonia');
insert into plenum.country (name) values ('Mali');
insert into plenum.country (name) values ('Myanmar');
insert into plenum.country (name) values ('Mongolia');
insert into plenum.country (name) values ('Macau');
insert into plenum.country (name) values ('Northern Mariana Islands');
insert into plenum.country (name) values ('Martinique');
insert into plenum.country (name) values ('Mauritania');
insert into plenum.country (name) values ('Montserrat');
insert into plenum.country (name) values ('Malta');
insert into plenum.country (name) values ('Mauritius');
insert into plenum.country (name) values ('Maldives');
insert into plenum.country (name) values ('Malawi');
insert into plenum.country (name) values ('Mexico');
insert into plenum.country (name) values ('Malaysia');
insert into plenum.country (name) values ('Mozambique');
insert into plenum.country (name) values ('Namibia');
insert into plenum.country (name) values ('New Caledonia');
insert into plenum.country (name) values ('Niger');
insert into plenum.country (name) values ('Norfolk Island');
insert into plenum.country (name) values ('Nigeria');
insert into plenum.country (name) values ('Nicaragua');
insert into plenum.country (name) values ('The Netherlands');
insert into plenum.country (name) values ('Norway');
insert into plenum.country (name) values ('Nepal');
insert into plenum.country (name) values ('Nauru');
insert into plenum.country (name) values ('Niue');
insert into plenum.country (name) values ('New Zealand');
insert into plenum.country (name) values ('Oman');
insert into plenum.country (name) values ('Panama');
insert into plenum.country (name) values ('Peru');
insert into plenum.country (name) values ('French Polynesia');
insert into plenum.country (name) values ('Papua New Guinea');
insert into plenum.country (name) values ('Philippines');
insert into plenum.country (name) values ('Pakistan');
insert into plenum.country (name) values ('Poland');
insert into plenum.country (name) values ('St. Pierre and Miquelon');
insert into plenum.country (name) values ('Pitcairn');
insert into plenum.country (name) values ('Puerto Rico');
insert into plenum.country (name) values ('State of Palestine');
insert into plenum.country (name) values ('Portugal');
insert into plenum.country (name) values ('Palau');
insert into plenum.country (name) values ('Paraguay');
insert into plenum.country (name) values ('Qatar');
insert into plenum.country (name) values ('Réunion');
insert into plenum.country (name) values ('Romania');
insert into plenum.country (name) values ('Serbia');
insert into plenum.country (name) values ('Russian Federation');
insert into plenum.country (name) values ('Rwanda');
insert into plenum.country (name) values ('Saudi Arabia');
insert into plenum.country (name) values ('Solomon Islands');
insert into plenum.country (name) values ('Seychelles');
insert into plenum.country (name) values ('Sudan');
insert into plenum.country (name) values ('Sweden');
insert into plenum.country (name) values ('Singapore');
insert into plenum.country (name) values ('Saint Helena');
insert into plenum.country (name) values ('Slovenia');
insert into plenum.country (name) values ('Svalbard and Jan Mayen Islands');
insert into plenum.country (name) values ('Slovakia');
insert into plenum.country (name) values ('Sierra Leone');
insert into plenum.country (name) values ('San Marino');
insert into plenum.country (name) values ('Senegal');
insert into plenum.country (name) values ('Somalia');
insert into plenum.country (name) values ('Suriname');
insert into plenum.country (name) values ('South Sudan');
insert into plenum.country (name) values ('Sao Tome and Principe');
insert into plenum.country (name) values ('El Salvador');
insert into plenum.country (name) values ('Sint Maarten');
insert into plenum.country (name) values ('Syria');
insert into plenum.country (name) values ('Swaziland');
insert into plenum.country (name) values ('Turks and Caicos Islands');
insert into plenum.country (name) values ('Chad');
insert into plenum.country (name) values ('French Southern Territories');
insert into plenum.country (name) values ('Togo');
insert into plenum.country (name) values ('Thailand');
insert into plenum.country (name) values ('Tajikistan');
insert into plenum.country (name) values ('Tokelau');
insert into plenum.country (name) values ('Timor-Leste');
insert into plenum.country (name) values ('Turkmenistan');
insert into plenum.country (name) values ('Tunisia');
insert into plenum.country (name) values ('Tonga');
insert into plenum.country (name) values ('Turkey');
insert into plenum.country (name) values ('Trinidad and Tobago');
insert into plenum.country (name) values ('Tuvalu');
insert into plenum.country (name) values ('Taiwan');
insert into plenum.country (name) values ('Tanzania');
insert into plenum.country (name) values ('Ukraine');
insert into plenum.country (name) values ('Uganda');
insert into plenum.country (name) values ('United States Minor Outlying Islands');
insert into plenum.country (name) values ('United States');
insert into plenum.country (name) values ('Uruguay');
insert into plenum.country (name) values ('Uzbekistan');
insert into plenum.country (name) values ('Vatican');
insert into plenum.country (name) values ('Saint Vincent and the Grenadines');
insert into plenum.country (name) values ('Venezuela');
insert into plenum.country (name) values ('Virgin Islands (British)');
insert into plenum.country (name) values ('Virgin Islands (U.S.)');
insert into plenum.country (name) values ('Vietnam');
insert into plenum.country (name) values ('Vanuatu');
insert into plenum.country (name) values ('Wallis and Futuna Islands');
insert into plenum.country (name) values ('Samoa');
insert into plenum.country (name) values ('Yemen');
insert into plenum.country (name) values ('Mayotte');
insert into plenum.country (name) values ('South Africa');
insert into plenum.country (name) values ('Zambia');
insert into plenum.country (name) values ('Zimbabwe');

--Users
insert into plenum.usertable (username, password, email, gender, name, address, institution, description, birthDate, idCountry) values ('cvan0', '4jAtpsZY', 'cvan0@lycos.com', 'Male', 'Corney Van Schafflaer', '935 Tomscot Park', 'Zava', 'Quisque id justo sit amet sapien dignissim vestibulum. Vestibulum ante ipsum primis in faucibus orci luctus et ultrices posuere cubilia Curae; Nulla dapibus dolor vel est. Donec odio justo, sollicitudin ut, suscipit a, feugiat et, eros.', '2000-02-08', 1);
insert into plenum.usertable (username, password, email, gender, name, address, institution, description, birthDate, idCountry) values ('gtesto1', '3Jw68wOFCZIP', 'gtesto1@earthlink.net', 'Male', 'Gayler Testo', '4 Randy Center', 'Wikizz', 'Praesent blandit. Nam nulla. Integer pede justo, lacinia eget, tincidunt eget, tempus vel, pede.', '1997-05-24', 2);
insert into plenum.usertable (username, password, email, gender, name, address, institution, description, birthDate, idCountry) values ('acartmer2', 'LZgP01WfKVX7', 'acartmer2@buzzfeed.com', 'Female', 'Aloise Cartmer', '31 Arapahoe Pass', 'Innojam', 'Praesent blandit. Nam nulla. Integer pede justo, lacinia eget, tincidunt eget, tempus vel, pede.', '1997-09-22', 3);
insert into plenum.usertable (username, password, email, gender, name, address, institution, description, birthDate, idCountry) values ('ablasli3', 'Dcc1P1ndl', 'ablasli3@delicious.com', 'Female', 'Aloise Blasli', '3873 Sherman Terrace', 'Tagchat', 'Cum sociis natoque penatibus et magnis dis parturient montes, nascetur ridiculus mus. Vivamus vestibulum sagittis sapien. Cum sociis natoque penatibus et magnis dis parturient montes, nascetur ridiculus mus.', '1992-10-22', 4);
insert into plenum.usertable (username, password, email, gender, name, address, institution, description, birthDate, idCountry) values ('madel4', 'LqbPMsUHStSX', 'madel4@ed.gov', 'Female', 'Myra Adel', '82937 Onsgard Terrace', 'Centizu', 'Phasellus in felis. Donec semper sapien a libero. Nam dui.', '1999-10-02', 5);
insert into plenum.usertable (username, password, email, gender, name, address, institution, description, birthDate, idCountry) values ('sjailler5', 'yfhsQL', 'sjailler5@github.io', 'Female', 'Sheri Jailler', '9167 Graedel Trail', 'Talane', 'Integer ac leo. Pellentesque ultrices mattis odio. Donec vitae nisi.', '1994-05-19', 6);
insert into plenum.usertable (username, password, email, gender, name, address, institution, description, birthDate, idCountry) values ('askirvane6', 'TgAeiP5yFT', 'askirvane6@123-reg.co.uk', 'Male', 'Alric Skirvane', '0222 Debra Trail', 'Jatri', 'Vestibulum quam sapien, varius ut, blandit non, interdum in, ante. Vestibulum ante ipsum primis in faucibus orci luctus et ultrices posuere cubilia Curae; Duis faucibus accumsan odio. Curabitur convallis.', '1991-10-29', 7);
insert into plenum.usertable (username, password, email, gender, name, address, institution, description, birthDate, idCountry) values ('bmaylour7', 'GbH6caE', 'bmaylour7@google.fr', 'Female', 'Bunni Maylour', '81 Burrows Circle', 'Bluezoom', 'Nullam porttitor lacus at turpis. Donec posuere metus vitae ipsum. Aliquam non mauris.', '1992-09-07', 8);
insert into plenum.usertable (username, password, email, gender, name, address, institution, description, birthDate, idCountry) values ('jklimashevich8', 'mRTJTe3G', 'jklimashevich8@sphinn.com', 'Female', 'Johnath Klimashevich', '7689 Oriole Crossing', 'Quaxo', 'Vestibulum quam sapien, varius ut, blandit non, interdum in, ante. Vestibulum ante ipsum primis in faucibus orci luctus et ultrices posuere cubilia Curae; Duis faucibus accumsan odio. Curabitur convallis.', '1996-06-21', 9);
insert into plenum.usertable (username, password, email, gender, name, address, institution, description, birthDate, idCountry) values ('tcullagh9', 'hCDirTpBU8A', 'tcullagh9@marriott.com', 'Male', 'Templeton Cullagh', '2264 Di Loreto Alley', 'Wordware', 'Proin interdum mauris non ligula pellentesque ultrices. Phasellus id sapien in sapien iaculis congue. Vivamus metus arcu, adipiscing molestie, hendrerit at, vulputate vitae, nisl.', '1995-03-25', 10);
insert into plenum.usertable (username, password, email, gender, name, address, institution, description, birthDate, idCountry) values ('pkarpea', 'Lfr5UXUx', 'pkarpea@vk.com', 'Female', 'Pauly Karpe', '99 Milwaukee Alley', 'Twiyo', 'Curabitur at ipsum ac tellus semper interdum. Mauris ullamcorper purus sit amet nulla. Quisque arcu libero, rutrum ac, lobortis vel, dapibus at, diam.', '1997-02-27', 11);
insert into plenum.usertable (username, password, email, gender, name, address, institution, description, birthDate, idCountry) values ('hthorsbyb', 'X009rkG', 'hthorsbyb@hc360.com', 'Male', 'Hugh Thorsby', '3349 Holy Cross Plaza', 'Skiba', 'Maecenas leo odio, condimentum id, luctus nec, molestie sed, justo. Pellentesque viverra pede ac diam. Cras pellentesque volutpat dui.', '1998-01-13', 12);
insert into plenum.usertable (username, password, email, gender, name, address, institution, description, birthDate, idCountry) values ('gbenechc', 'kX04ckWux', 'gbenechc@sina.com.cn', 'Male', 'Giraldo Benech', '40180 La Follette Plaza', 'Kwideo', 'Praesent id massa id nisl venenatis lacinia. Aenean sit amet justo. Morbi ut odio.', '1995-11-14', 13);
insert into plenum.usertable (username, password, email, gender, name, address, institution, description, birthDate, idCountry) values ('hdalld', 'RHkOfnA', 'hdalld@blogtalkradio.com', 'Male', 'Hamid Dall', '7086 Montana Place', 'Edgepulse', 'Proin leo odio, porttitor id, consequat in, consequat ut, nulla. Sed accumsan felis. Ut at dolor quis odio consequat varius.', '1991-06-29', 14);
insert into plenum.usertable (username, password, email, gender, name, address, institution, description, birthDate, idCountry) values ('hkenninghane', 'e3fbqu', 'hkenninghane@cnet.com', 'Male', 'Hewet Kenninghan', '20 Arizona Hill', 'Chatterpoint', 'Donec diam neque, vestibulum eget, vulputate ut, ultrices vel, augue. Vestibulum ante ipsum primis in faucibus orci luctus et ultrices posuere cubilia Curae; Donec pharetra, magna vestibulum aliquet ultrices, erat tortor sollicitudin mi, sit amet lobortis sapien sapien non mi. Integer ac neque.', '1997-10-18', 15);
insert into plenum.usertable (username, password, email, gender, name, address, institution, description, birthDate, idCountry) values ('deggintonf', 'vPgfLvqQt', 'deggintonf@feedburner.com', 'Male', 'Delbert Egginton', '7124 Helena Place', 'Yozio', 'Quisque porta volutpat erat. Quisque erat eros, viverra eget, congue eget, semper rutrum, nulla. Nunc purus.', '1996-07-13', 16);
insert into plenum.usertable (username, password, email, gender, name, address, institution, description, birthDate, idCountry) values ('tcochraneg', 'Zel43XQ', 'tcochraneg@virginia.edu', 'Female', 'Terrie Cochrane', '663 Shelley Trail', 'Yotz', 'Quisque id justo sit amet sapien dignissim vestibulum. Vestibulum ante ipsum primis in faucibus orci luctus et ultrices posuere cubilia Curae; Nulla dapibus dolor vel est. Donec odio justo, sollicitudin ut, suscipit a, feugiat et, eros.', '1998-04-22', 17);
insert into plenum.usertable (username, password, email, gender, name, address, institution, description, birthDate, idCountry) values ('lkinzeh', 'FJWEo7EJ9hlj', 'lkinzeh@topsy.com', 'Male', 'Lucien Kinze', '2 Macpherson Terrace', 'Divape', 'Pellentesque at nulla. Suspendisse potenti. Cras in purus eu magna vulputate luctus.', '1999-04-10', 18);
insert into plenum.usertable (username, password, email, gender, name, address, institution, description, birthDate, idCountry) values ('soldalei', 'GEIAXzUa', 'soldalei@hexun.com', 'Female', 'Shannah Oldale', '1 Algoma Pass', 'Bluezoom', 'Cras mi pede, malesuada in, imperdiet et, commodo vulputate, justo. In blandit ultrices enim. Lorem ipsum dolor sit amet, consectetuer adipiscing elit.', '1994-10-14', 19);
insert into plenum.usertable (username, password, email, gender, name, address, institution, description, birthDate, idCountry) values ('charstonj', 'qSktpJ0wB', 'charstonj@microsoft.com', 'Male', 'Cornell Harston', '2 Charing Cross Avenue', 'Rhynyx', 'Nullam sit amet turpis elementum ligula vehicula consequat. Morbi a ipsum. Integer a nibh.', '1995-06-01', 20);


--PremiumSignature
insert into plenum.premiumsignature (startDate, duration, idUser) values ('2017-02-25', '2017-10-19', 1);
insert into plenum.premiumsignature (startDate, duration, idUser) values ('2018-03-13', '2017-09-22', 2);
insert into plenum.premiumsignature (startDate, duration, idUser) values ('2017-02-07', '2018-03-12', 3);
insert into plenum.premiumsignature (startDate, duration, idUser) values ('2018-03-22', '2017-09-14', 4);
insert into plenum.premiumsignature (startDate, duration, idUser) values ('2017-10-11', '2017-04-09', 5);

--Project
insert into premium.project (creationDate, name, description, private) values ('2018-03-05', 'Tin', 'Maecenas leo odio, condimentum id, luctus nec, molestie sed, justo. Pellentesque viverra pede ac diam. Cras pellentesque volutpat dui.', true);
insert into premium.project (creationDate, name, description, private) values ('2018-03-03', 'Treeflex', 'Aenean fermentum. Donec ut mauris eget massa tempor convallis. Nulla neque libero, convallis eget, eleifend luctus, ultricies eu, nibh.', true);
insert into premium.project (creationDate, name, description, private) values ('2018-03-18', 'Sub-Ex', 'In sagittis dui vel nisl. Duis ac nibh. Fusce lacus purus, aliquet at, feugiat non, pretium quis, lectus.', false);
insert into premium.project (creationDate, name, description, private) values ('2018-03-14', 'Bamity', 'Pellentesque at nulla. Suspendisse potenti. Cras in purus eu magna vulputate luctus.', false);
insert into premium.project (creationDate, name, description, private) values ('2018-02-09', 'Voltsillam', 'Suspendisse potenti. In eleifend quam a odio. In hac habitasse platea dictumst.', true);

--Joined
insert into plenum.joined (idUser, idProject, joinedDate, leftDate, role) values (1, 1, '2017-10-22', '2017-04-22', 'Owner');
insert into plenum.joined (idUser, idProject, joinedDate, leftDate, role) values (2, 2, '2017-11-07', '2017-12-18', 'Owner');
insert into plenum.joined (idUser, idProject, joinedDate, leftDate, role) values (3, 3, '2017-06-21', '2017-05-09', 'Owner');
insert into plenum.joined (idUser, idProject, joinedDate, leftDate, role) values (4, 4, '2018-03-06', '2017-04-13', 'Owner');
insert into plenum.joined (idUser, idProject, joinedDate, leftDate, role) values (5, 5, '2017-07-19', '2017-08-01', 'Owner');
insert into plenum.joined (idUser, idProject, joinedDate, leftDate, role) values (6, 1, '2017-09-22', '2017-11-13', 'Member');
insert into plenum.joined (idUser, idProject, joinedDate, leftDate, role) values (7, 2, '2017-04-27', '2017-11-18', 'Member');
insert into plenum.joined (idUser, idProject, joinedDate, leftDate, role) values (8, 3, '2017-04-27', '2018-01-13', 'Member');
insert into plenum.joined (idUser, idProject, joinedDate, leftDate, role) values (9, 4, '2018-01-03', '2018-01-09', 'Coordinator');
insert into plenum.joined (idUser, idProject, joinedDate, leftDate, role) values (10, 5, '2017-06-29', '2017-11-09', 'Coordinator');

--ForumPost
insert into plenum.forumpost (creationDate, lastEditDate, title, content, idProject, idUser) values ('2017-04-17', '2018-01-17', 'Enhanced global customer loyalty', 'Lorem ipsum dolor sit amet, consectetuer adipiscing elit. Proin risus. Praesent lectus.', 1, 1);
insert into plenum.forumpost (creationDate, lastEditDate, title, content, idProject, idUser) values ('2017-04-06', '2017-07-15', 'Triple-buffered secondary product', 'Nullam sit amet turpis elementum ligula vehicula consequat. Morbi a ipsum. Integer a nibh.', 2, 2);
insert into plenum.forumpost (creationDate, lastEditDate, title, content, idProject, idUser) values ('2017-06-19', '2018-02-25', 'Devolved dynamic structure', 'Fusce posuere felis sed lacus. Morbi sem mauris, laoreet ut, rhoncus aliquet, pulvinar sed, nisl. Nunc rhoncus dui vel sem.', 3, 3);
insert into plenum.forumpost (creationDate, lastEditDate, title, content, idProject, idUser) values ('2018-02-23', '2017-12-29', 'Automated bottom-line challenge', 'Sed ante. Vivamus tortor. Duis mattis egestas metus.', 4, 4);
insert into plenum.forumpost (creationDate, lastEditDate, title, content, idProject, idUser) values ('2017-06-18', '2017-10-27', 'Re-contextualized multi-tasking process improvement', 'Integer tincidunt ante vel ipsum. Praesent blandit lacinia erat. Vestibulum sed magna at nunc commodo placerat.', 5, 5);

--Reply

--Task
insert into plenum.task (creationDate, lastEditDate, title, description, deadline, completed, completedDate, idUser, idProject) values ('2017-07-05', '2017-04-15', 'Customizable neutral circuit', 'Sed ante. Vivamus tortor. Duis mattis egestas metus.', '2018-05-04', true, '2018-05-13', 1, 1);
insert into plenum.task (creationDate, lastEditDate, title, description, deadline, completed, completedDate, idUser, idProject) values ('2017-06-18', '2017-08-19', 'De-engineered multi-state structure', 'Vestibulum quam sapien, varius ut, blandit non, interdum in, ante. Vestibulum ante ipsum primis in faucibus orci luctus et ultrices posuere cubilia Curae; Duis faucibus accumsan odio. Curabitur convallis.', '2018-05-01', false, NULL, 2, 2);
insert into plenum.task (creationDate, lastEditDate, title, description, deadline, completed, completedDate, idUser, idProject) values ('2017-06-29', '2017-06-25', 'Face to face foreground migration', 'Cras mi pede, malesuada in, imperdiet et, commodo vulputate, justo. In blandit ultrices enim. Lorem ipsum dolor sit amet, consectetuer adipiscing elit.', '2018-05-20', false, NULL, 3, 3);
insert into plenum.task (creationDate, lastEditDate, title, description, deadline, completed, completedDate, idUser, idProject) values ('2018-01-19', '2017-04-25', 'Polarised secondary challenge', 'Curabitur at ipsum ac tellus semper interdum. Mauris ullamcorper purus sit amet nulla. Quisque arcu libero, rutrum ac, lobortis vel, dapibus at, diam.', '2018-05-25', true, '2018-05-29', 4, 4);
insert into plenum.task (creationDate, lastEditDate, title, description, deadline, completed, completedDate, idUser, idProject) values ('2017-03-25', '2017-05-29', 'Multi-tiered upward-trending hardware', 'Cras mi pede, malesuada in, imperdiet et, commodo vulputate, justo. In blandit ultrices enim. Lorem ipsum dolor sit amet, consectetuer adipiscing elit.', '2018-05-08', false, NULL, 5, 5);

--Assigned
insert into plenum.assigned (idUser, idTask) values (1, 1);
insert into plenum.assigned (idUser, idTask) values (2, 2);
insert into plenum.assigned (idUser, idTask) values (3, 3);

--EditTaskInfo

--Comment
insert into plenum.comment (creationDate, lastEditDate, content, idTask, idUser) values ('2018-01-12', '2017-09-12', 'Quisque porta volutpat erat. Quisque erat eros, viverra eget, congue eget, semper rutrum, nulla. Nunc purus.', 1, 1);
insert into plenum.comment (creationDate, lastEditDate, content, idTask, idUser) values ('2017-04-03', '2017-05-07', 'Aenean lectus. Pellentesque eget nunc. Donec quis orci eget orci vehicula condimentum.', 2, 2);
insert into plenum.comment (creationDate, lastEditDate, content, idTask, idUser) values ('2017-10-01', '2017-04-24', 'Maecenas ut massa quis augue luctus tincidunt. Nulla mollis molestie lorem. Quisque ut erat.', 3, 3);
insert into plenum.comment (creationDate, lastEditDate, content, idTask, idUser) values ('2017-09-25', '2018-03-12', 'Proin interdum mauris non ligula pellentesque ultrices. Phasellus id sapien in sapien iaculis congue. Vivamus metus arcu, adipiscing molestie, hendrerit at, vulputate vitae, nisl.', 4, 4);
insert into plenum.comment (creationDate, lastEditDate, content, idTask, idUser) values ('2017-07-12', '2017-07-10', 'Nulla ut erat id mauris vulputate elementum. Nullam varius. Nulla facilisi.', 5, 5);
insert into plenum.comment (creationDate, lastEditDate, content, idTask, idUser) values ('2018-03-02', '2017-07-19', 'Morbi porttitor lorem id ligula. Suspendisse ornare consequat lectus. In est risus, auctor sed, tristique in, tempus sit amet, sem.', 6, 6);
insert into plenum.comment (creationDate, lastEditDate, content, idTask, idUser) values ('2017-10-01', '2017-12-27', 'Duis bibendum, felis sed interdum venenatis, turpis enim blandit mi, in porttitor pede justo eu massa. Donec dapibus. Duis at velit eu est congue elementum.', 7, 7);

--Tag
insert into plenum.tag (name) values ('full-range');
insert into plenum.tag (name) values ('moderator');
insert into plenum.tag (name) values ('capability');
insert into plenum.tag (name) values ('success');
insert into plenum.tag (name) values ('support');
insert into plenum.tag (name) values ('multi-tasking');
insert into plenum.tag (name) values ('interactive');
insert into plenum.tag (name) values ('moratorium');
insert into plenum.tag (name) values ('contextually-based');
insert into plenum.tag (name) values ('system engine');

--Tagged
insert into plenum.tagged (idTask, idTag) values (1, 1);
insert into plenum.tagged (idTask, idTag) values (2, 2);
insert into plenum.tagged (idTask, idTag) values (3, 3);
insert into plenum.tagged (idTask, idTag) values (4, 4);
insert into plenum.tagged (idTask, idTag) values (5, 5);
  
--CloseRequest

--Admin
insert into plenum.admin (username, email, password) values ('barbosa','up201503477@fe.up.pt' ,'03ac674216f3e15c761ee1a5e255f067953623c8b388b4459e13f978d7c846f4');
insert into plenum.admin (username, email, password) values ('mario','up201503406@fe.up.pt' ,'03ac674216f3e15c761ee1a5e255f067953623c8b388b4459e13f978d7c846f4');
insert into plenum.admin (username, email, password) values ('mateus','up201601876@fe.up.pt' ,'03ac674216f3e15c761ee1a5e255f067953623c8b388b4459e13f978d7c846f4');
insert into plenum.admin (username, email, password) values ('jotapsa','up201506252@fe.up.pt' ,'03ac674216f3e15c761ee1a5e255f067953623c8b388b4459e13f978d7c846f4');

--BannedRecord
